<?xml version="1.0" encoding="UTF-8" standalone="yes"?>
<addon id="repository.UCITFILMS" name="UCIT FILMS" version="0.0.1" provider-name="Don Black">
	<extension point="xbmc.addon.repository" name="UCIT FILMS">
		<dir>
			<info compressed="false">https://raw.githubusercontent.com/totalrevolution/python-koding/master/zips/addons.xml</info>
			<checksum>https://raw.githubusercontent.com/totalrevolution/python-koding/master/zips/addons.xml.md5</checksum>
			<datadir zip="true">https://raw.githubusercontent.com/totalrevolution/python-koding/master/zips/</datadir>
		</dir>
		<info compressed="false">https://raw.githubusercontent.com/Don-black/repository.UCITFILMS/master/zips/addons.xml</info>
		<checksum>https://raw.githubusercontent.com/Don-black/repository.UCITFILMS/master/zips/addons.xml.md5</checksum>
		<datadir zip="true">https://raw.githubusercontent.com/Don-black/repository.UCITFILMS/master/zips/</datadir>
	</extension>
	<extension point="xbmc.addon.metadata">
		<summary lang="en">For Us By Us!</summary>
		<description lang="en">Urban repository filled with movies, tv shows, and music and more. </description>
		<genre>comedy,documentary,kids,movies,music,religion,sports,tvshows,wizard,african,uk,usa</genre>
	</extension>
</addon>